Model,Condition,N,Parse_Errors,Relaxed_F1,Strict_F1,Relaxed_EM
Qwen2.5-14B,no_evidence,200,0,0.0,0.0,0.0
Qwen2.5-14B,direct,200,0,0.5583333333333333,0.5583333333333333,0.555
Qwen2.5-14B,retrieve_then_read,200,0,0.5166666666666667,0.5166666666666667,0.51
Qwen3-14B,no_evidence,200,0,0.0,0.0,0.0
Qwen3-14B,direct,200,0,0.4786666666666666,0.4786666666666666,0.445
Qwen3-14B,retrieve_then_read,200,0,0.45399999999999996,0.45399999999999996,0.4
Gemma3-12B,no_evidence,200,0,0.12166666666666666,0.12166666666666666,0.095
Gemma3-12B,direct,200,0,0.5233333333333333,0.5233333333333333,0.52
Gemma3-12B,retrieve_then_read,200,0,0.4933333333333333,0.4933333333333333,0.49
