model_name,context_length,evidence_position,position_fraction,long_method,score_field,score_no_evidence,score_oracle,score_long,n,oncu_valid,oncu_invalid_reason,oncu_raw,oncu_clipped
gemma3:12b,16000,pos_00,0.05,direct,answer_f1_relaxed,0.0,1.0,0.125,80,True,,0.125,0.125
gemma3:12b,16000,pos_00,0.05,retrieve_then_read,answer_f1_relaxed,0.0,1.0,0.8875,80,True,,0.8875,0.8875
gemma3:12b,16000,pos_01,0.15,direct,answer_f1_relaxed,0.025,1.0,0.1125,80,True,,0.08974358974358974,0.08974358974358974
gemma3:12b,16000,pos_01,0.15,retrieve_then_read,answer_f1_relaxed,0.025,1.0,0.8,80,True,,0.7948717948717949,0.7948717948717949
gemma3:12b,16000,pos_02,0.25,direct,answer_f1_relaxed,0.00625,0.9875,0.125,80,True,,0.12101910828025476,0.12101910828025476
gemma3:12b,16000,pos_02,0.25,retrieve_then_read,answer_f1_relaxed,0.00625,0.9875,0.83125,80,True,,0.8407643312101911,0.8407643312101911
gemma3:12b,16000,pos_03,0.35,direct,answer_f1_relaxed,0.0375,1.0,0.11875,80,True,,0.0844155844155844,0.0844155844155844
gemma3:12b,16000,pos_03,0.35,retrieve_then_read,answer_f1_relaxed,0.0375,1.0,0.8125,80,True,,0.8051948051948052,0.8051948051948052
gemma3:12b,16000,pos_04,0.45,direct,answer_f1_relaxed,0.01875,1.0,0.10625,80,True,,0.08917197452229299,0.08917197452229299
gemma3:12b,16000,pos_04,0.45,retrieve_then_read,answer_f1_relaxed,0.01875,1.0,0.8375,80,True,,0.8343949044585988,0.8343949044585988
gemma3:12b,16000,pos_05,0.55,direct,answer_f1_relaxed,0.0,1.0,0.11875,80,True,,0.11875,0.11875
gemma3:12b,16000,pos_05,0.55,retrieve_then_read,answer_f1_relaxed,0.0,1.0,0.83125,80,True,,0.83125,0.83125
gemma3:12b,16000,pos_06,0.65,direct,answer_f1_relaxed,0.0,1.0,0.5333333333333333,80,True,,0.5333333333333333,0.5333333333333333
gemma3:12b,16000,pos_06,0.65,retrieve_then_read,answer_f1_relaxed,0.0,1.0,0.88125,80,True,,0.88125,0.88125
gemma3:12b,16000,pos_07,0.75,direct,answer_f1_relaxed,0.0,1.0,0.44166666666666665,80,True,,0.44166666666666665,0.44166666666666665
gemma3:12b,16000,pos_07,0.75,retrieve_then_read,answer_f1_relaxed,0.0,1.0,0.825,80,True,,0.825,0.825
gemma3:12b,16000,pos_08,0.85,direct,answer_f1_relaxed,0.03125,1.0,0.75,80,True,,0.7419354838709677,0.7419354838709677
gemma3:12b,16000,pos_08,0.85,retrieve_then_read,answer_f1_relaxed,0.03125,1.0,0.80625,80,True,,0.8,0.8
gemma3:12b,16000,pos_09,0.95,direct,answer_f1_relaxed,0.125,0.9875,0.75,80,True,,0.7246376811594203,0.7246376811594203
gemma3:12b,16000,pos_09,0.95,retrieve_then_read,answer_f1_relaxed,0.125,0.9875,0.8625,80,True,,0.855072463768116,0.855072463768116
gemma3:12b,32000,pos_00,0.05,direct,answer_f1_relaxed,0.05625,0.975,0.0625,80,True,,0.006802721088435373,0.006802721088435373
gemma3:12b,32000,pos_00,0.05,retrieve_then_read,answer_f1_relaxed,0.05625,0.975,0.84375,80,True,,0.8571428571428572,0.8571428571428572
gemma3:12b,32000,pos_01,0.15,direct,answer_f1_relaxed,0.09375,0.9375,0.11875,80,True,,0.029629629629629624,0.029629629629629624
gemma3:12b,32000,pos_01,0.15,retrieve_then_read,answer_f1_relaxed,0.09375,0.9375,0.79375,80,True,,0.8296296296296296,0.8296296296296296
gemma3:12b,32000,pos_02,0.25,direct,answer_f1_relaxed,0.0625,0.9875,0.125,80,True,,0.06756756756756756,0.06756756756756756
gemma3:12b,32000,pos_02,0.25,retrieve_then_read,answer_f1_relaxed,0.0625,0.9875,0.9375,80,True,,0.9459459459459459,0.9459459459459459
gemma3:12b,32000,pos_03,0.35,direct,answer_f1_relaxed,0.05,1.0,0.11875,80,True,,0.07236842105263157,0.07236842105263157
gemma3:12b,32000,pos_03,0.35,retrieve_then_read,answer_f1_relaxed,0.05,1.0,0.85625,80,True,,0.8486842105263157,0.8486842105263157
gemma3:12b,32000,pos_04,0.45,direct,answer_f1_relaxed,0.125,1.0,0.11875,80,True,,-0.00714285714285715,0.0
gemma3:12b,32000,pos_04,0.45,retrieve_then_read,answer_f1_relaxed,0.125,1.0,0.8,80,True,,0.7714285714285715,0.7714285714285715
gemma3:12b,32000,pos_05,0.55,direct,answer_f1_relaxed,0.025,0.9625,0.125,80,True,,0.10666666666666667,0.10666666666666667
gemma3:12b,32000,pos_05,0.55,retrieve_then_read,answer_f1_relaxed,0.025,0.9625,0.8125,80,True,,0.84,0.84
gemma3:12b,32000,pos_06,0.65,direct,answer_f1_relaxed,0.1,1.0,0.125,80,True,,0.02777777777777777,0.02777777777777777
gemma3:12b,32000,pos_06,0.65,retrieve_then_read,answer_f1_relaxed,0.1,1.0,0.8,80,True,,0.7777777777777778,0.7777777777777778
gemma3:12b,32000,pos_07,0.75,direct,answer_f1_relaxed,0.0625,0.975,0.1125,80,True,,0.05479452054794521,0.05479452054794521
gemma3:12b,32000,pos_07,0.75,retrieve_then_read,answer_f1_relaxed,0.0625,0.975,0.8625,80,True,,0.8767123287671234,0.8767123287671234
gemma3:12b,32000,pos_08,0.85,direct,answer_f1_relaxed,0.0,1.0,0.45416666666666666,80,True,,0.45416666666666666,0.45416666666666666
gemma3:12b,32000,pos_08,0.85,retrieve_then_read,answer_f1_relaxed,0.0,1.0,0.8875,80,True,,0.8875,0.8875
gemma3:12b,32000,pos_09,0.95,direct,answer_f1_relaxed,0.0,1.0,0.75,80,True,,0.75,0.75
gemma3:12b,32000,pos_09,0.95,retrieve_then_read,answer_f1_relaxed,0.0,1.0,0.85625,80,True,,0.85625,0.85625
gemma3:12b,4000,pos_00,0.05,direct,answer_f1_relaxed,0.0,1.0,0.825,80,True,,0.825,0.825
gemma3:12b,4000,pos_00,0.05,retrieve_then_read,answer_f1_relaxed,0.0,1.0,0.80625,80,True,,0.80625,0.80625
gemma3:12b,4000,pos_01,0.15,direct,answer_f1_relaxed,0.0,0.975,0.8,80,True,,0.8205128205128206,0.8205128205128206
gemma3:12b,4000,pos_01,0.15,retrieve_then_read,answer_f1_relaxed,0.0,0.975,0.9,80,True,,0.9230769230769231,0.9230769230769231
gemma3:12b,4000,pos_02,0.25,direct,answer_f1_relaxed,0.0,0.9875,0.76875,80,True,,0.7784810126582279,0.7784810126582279
gemma3:12b,4000,pos_02,0.25,retrieve_then_read,answer_f1_relaxed,0.0,0.9875,0.81875,80,True,,0.8291139240506329,0.8291139240506329
gemma3:12b,4000,pos_03,0.35,direct,answer_f1_relaxed,0.0,0.975,0.7625,80,True,,0.782051282051282,0.782051282051282
gemma3:12b,4000,pos_03,0.35,retrieve_then_read,answer_f1_relaxed,0.0,0.975,0.7875,80,True,,0.8076923076923077,0.8076923076923077
gemma3:12b,4000,pos_04,0.45,direct,answer_f1_relaxed,0.0,0.975,0.775,80,True,,0.7948717948717949,0.7948717948717949
gemma3:12b,4000,pos_04,0.45,retrieve_then_read,answer_f1_relaxed,0.0,0.975,0.84375,80,True,,0.8653846153846154,0.8653846153846154
gemma3:12b,4000,pos_05,0.55,direct,answer_f1_relaxed,0.0,0.975,0.74375,80,True,,0.7628205128205129,0.7628205128205129
gemma3:12b,4000,pos_05,0.55,retrieve_then_read,answer_f1_relaxed,0.0,0.975,0.9,80,True,,0.9230769230769231,0.9230769230769231
gemma3:12b,4000,pos_06,0.65,direct,answer_f1_relaxed,0.0,1.0,0.8,80,True,,0.8,0.8
gemma3:12b,4000,pos_06,0.65,retrieve_then_read,answer_f1_relaxed,0.0,1.0,0.8625,80,True,,0.8625,0.8625
gemma3:12b,4000,pos_07,0.75,direct,answer_f1_relaxed,0.0,1.0,0.7875,80,True,,0.7875,0.7875
gemma3:12b,4000,pos_07,0.75,retrieve_then_read,answer_f1_relaxed,0.0,1.0,0.8125,80,True,,0.8125,0.8125
gemma3:12b,4000,pos_08,0.85,direct,answer_f1_relaxed,0.0,1.0,0.775,80,True,,0.775,0.775
gemma3:12b,4000,pos_08,0.85,retrieve_then_read,answer_f1_relaxed,0.0,1.0,0.76875,80,True,,0.76875,0.76875
gemma3:12b,4000,pos_09,0.95,direct,answer_f1_relaxed,0.0,1.0,0.7875,80,True,,0.7875,0.7875
gemma3:12b,4000,pos_09,0.95,retrieve_then_read,answer_f1_relaxed,0.0,1.0,0.86875,80,True,,0.86875,0.86875
gemma3:12b,8000,pos_00,0.05,direct,answer_f1_relaxed,0.0,1.0,0.16041666666666665,80,True,,0.16041666666666665,0.16041666666666665
gemma3:12b,8000,pos_00,0.05,retrieve_then_read,answer_f1_relaxed,0.0,1.0,0.86875,80,True,,0.86875,0.86875
gemma3:12b,8000,pos_01,0.15,direct,answer_f1_relaxed,0.0,0.975,0.16009615384615383,80,True,,0.16420118343195264,0.16420118343195264
gemma3:12b,8000,pos_01,0.15,retrieve_then_read,answer_f1_relaxed,0.0,0.975,0.83125,80,True,,0.8525641025641026,0.8525641025641026
gemma3:12b,8000,pos_02,0.25,direct,answer_f1_relaxed,0.00625,1.0,0.55,80,True,,0.5471698113207548,0.5471698113207548
gemma3:12b,8000,pos_02,0.25,retrieve_then_read,answer_f1_relaxed,0.00625,1.0,0.85625,80,True,,0.8553459119496855,0.8553459119496855
gemma3:12b,8000,pos_03,0.35,direct,answer_f1_relaxed,0.0,0.9875,0.49166666666666664,80,True,,0.49789029535864976,0.49789029535864976
gemma3:12b,8000,pos_03,0.35,retrieve_then_read,answer_f1_relaxed,0.0,0.9875,0.7875,80,True,,0.7974683544303797,0.7974683544303797
gemma3:12b,8000,pos_04,0.45,direct,answer_f1_relaxed,0.0,1.0,0.42916666666666664,80,True,,0.42916666666666664,0.42916666666666664
gemma3:12b,8000,pos_04,0.45,retrieve_then_read,answer_f1_relaxed,0.0,1.0,0.84375,80,True,,0.84375,0.84375
gemma3:12b,8000,pos_05,0.55,direct,answer_f1_relaxed,0.0,0.9875,0.4979166666666667,80,True,,0.5042194092827004,0.5042194092827004
gemma3:12b,8000,pos_05,0.55,retrieve_then_read,answer_f1_relaxed,0.0,0.9875,0.9375,80,True,,0.9493670886075949,0.9493670886075949
gemma3:12b,8000,pos_06,0.65,direct,answer_f1_relaxed,0.00625,1.0,0.8,80,True,,0.7987421383647799,0.7987421383647799
gemma3:12b,8000,pos_06,0.65,retrieve_then_read,answer_f1_relaxed,0.00625,1.0,0.825,80,True,,0.8238993710691823,0.8238993710691823
gemma3:12b,8000,pos_07,0.75,direct,answer_f1_relaxed,0.0,0.9875,0.7875,80,True,,0.7974683544303797,0.7974683544303797
gemma3:12b,8000,pos_07,0.75,retrieve_then_read,answer_f1_relaxed,0.0,0.9875,0.7875,80,True,,0.7974683544303797,0.7974683544303797
gemma3:12b,8000,pos_08,0.85,direct,answer_f1_relaxed,0.0,1.0,0.7625,80,True,,0.7625,0.7625
gemma3:12b,8000,pos_08,0.85,retrieve_then_read,answer_f1_relaxed,0.0,1.0,0.83125,80,True,,0.83125,0.83125
gemma3:12b,8000,pos_09,0.95,direct,answer_f1_relaxed,0.0125,0.975,0.75,80,True,,0.7662337662337663,0.7662337662337663
gemma3:12b,8000,pos_09,0.95,retrieve_then_read,answer_f1_relaxed,0.0125,0.975,0.79375,80,True,,0.8116883116883117,0.8116883116883117
qwen2.5:14b,16000,pos_00,0.05,direct,answer_f1_relaxed,0.0,0.9458333333333333,0.00625,80,True,,0.006607929515418502,0.006607929515418502
qwen2.5:14b,16000,pos_00,0.05,retrieve_then_read,answer_f1_relaxed,0.0,0.9458333333333333,0.9625,80,True,,1.0176211453744495,1.0
qwen2.5:14b,16000,pos_01,0.15,direct,answer_f1_relaxed,0.0,0.925,0.0375,80,True,,0.040540540540540536,0.040540540540540536
qwen2.5:14b,16000,pos_01,0.15,retrieve_then_read,answer_f1_relaxed,0.0,0.925,0.9875,80,True,,1.0675675675675675,1.0
qwen2.5:14b,16000,pos_02,0.25,direct,answer_f1_relaxed,0.0,0.9333333333333333,0.05,80,True,,0.053571428571428575,0.053571428571428575
qwen2.5:14b,16000,pos_02,0.25,retrieve_then_read,answer_f1_relaxed,0.0,0.9333333333333333,0.9875,80,True,,1.0580357142857144,1.0
qwen2.5:14b,16000,pos_03,0.35,direct,answer_f1_relaxed,0.0,0.9291666666666667,0.04375,80,True,,0.04708520179372197,0.04708520179372197
qwen2.5:14b,16000,pos_03,0.35,retrieve_then_read,answer_f1_relaxed,0.0,0.9291666666666667,0.975,80,True,,1.0493273542600896,1.0
qwen2.5:14b,16000,pos_04,0.45,direct,answer_f1_relaxed,0.0,0.9416666666666667,0.0,80,True,,0.0,0.0
qwen2.5:14b,16000,pos_04,0.45,retrieve_then_read,answer_f1_relaxed,0.0,0.9416666666666667,1.0,80,True,,1.0619469026548674,1.0
qwen2.5:14b,16000,pos_05,0.55,direct,answer_f1_relaxed,0.0,0.9416666666666667,0.03125,80,True,,0.033185840707964605,0.033185840707964605
qwen2.5:14b,16000,pos_05,0.55,retrieve_then_read,answer_f1_relaxed,0.0,0.9416666666666667,0.975,80,True,,1.0353982300884956,1.0
qwen2.5:14b,16000,pos_06,0.65,direct,answer_f1_relaxed,0.0,0.9375,0.3933333333333333,80,True,,0.4195555555555555,0.4195555555555555
qwen2.5:14b,16000,pos_06,0.65,retrieve_then_read,answer_f1_relaxed,0.0,0.9375,0.9875,80,True,,1.0533333333333335,1.0
qwen2.5:14b,16000,pos_07,0.75,direct,answer_f1_relaxed,0.0,0.9416666666666667,0.3833333333333333,80,True,,0.4070796460176991,0.4070796460176991
qwen2.5:14b,16000,pos_07,0.75,retrieve_then_read,answer_f1_relaxed,0.0,0.9416666666666667,0.9875,80,True,,1.0486725663716814,1.0
qwen2.5:14b,16000,pos_08,0.85,direct,answer_f1_relaxed,0.0,0.925,1.0,80,True,,1.081081081081081,1.0
qwen2.5:14b,16000,pos_08,0.85,retrieve_then_read,answer_f1_relaxed,0.0,0.925,1.0,80,True,,1.081081081081081,1.0
qwen2.5:14b,16000,pos_09,0.95,direct,answer_f1_relaxed,0.0,0.925,0.975,80,True,,1.054054054054054,1.0
qwen2.5:14b,16000,pos_09,0.95,retrieve_then_read,answer_f1_relaxed,0.0,0.925,0.95,80,True,,1.027027027027027,1.0
qwen2.5:14b,32000,pos_00,0.05,direct,answer_f1_relaxed,0.0,0.9416666666666667,0.0125,80,True,,0.013274336283185842,0.013274336283185842
qwen2.5:14b,32000,pos_00,0.05,retrieve_then_read,answer_f1_relaxed,0.0,0.9416666666666667,1.0,80,True,,1.0619469026548674,1.0
qwen2.5:14b,32000,pos_01,0.15,direct,answer_f1_relaxed,0.0,0.9291666666666667,0.0,80,True,,0.0,0.0
qwen2.5:14b,32000,pos_01,0.15,retrieve_then_read,answer_f1_relaxed,0.0,0.9291666666666667,1.0,80,True,,1.0762331838565022,1.0
qwen2.5:14b,32000,pos_02,0.25,direct,answer_f1_relaxed,0.0,0.9375,0.00625,80,True,,0.006666666666666667,0.006666666666666667
qwen2.5:14b,32000,pos_02,0.25,retrieve_then_read,answer_f1_relaxed,0.0,0.9375,0.9875,80,True,,1.0533333333333335,1.0
qwen2.5:14b,32000,pos_03,0.35,direct,answer_f1_relaxed,0.0,0.9291666666666667,0.04375,80,True,,0.04708520179372197,0.04708520179372197
qwen2.5:14b,32000,pos_03,0.35,retrieve_then_read,answer_f1_relaxed,0.0,0.9291666666666667,0.9875,80,True,,1.062780269058296,1.0
qwen2.5:14b,32000,pos_04,0.45,direct,answer_f1_relaxed,0.0,0.9125,0.04375,80,True,,0.04794520547945205,0.04794520547945205
qwen2.5:14b,32000,pos_04,0.45,retrieve_then_read,answer_f1_relaxed,0.0,0.9125,0.9333333333333333,80,True,,1.0228310502283104,1.0
qwen2.5:14b,32000,pos_05,0.55,direct,answer_f1_relaxed,0.0,0.9166666666666666,0.05,80,True,,0.05454545454545455,0.05454545454545455
qwen2.5:14b,32000,pos_05,0.55,retrieve_then_read,answer_f1_relaxed,0.0,0.9166666666666666,0.9875,80,True,,1.0772727272727274,1.0
qwen2.5:14b,32000,pos_06,0.65,direct,answer_f1_relaxed,0.0,0.925,0.01875,80,True,,0.020270270270270268,0.020270270270270268
qwen2.5:14b,32000,pos_06,0.65,retrieve_then_read,answer_f1_relaxed,0.0,0.925,1.0,80,True,,1.081081081081081,1.0
qwen2.5:14b,32000,pos_07,0.75,direct,answer_f1_relaxed,0.0,0.925,0.00625,80,True,,0.006756756756756757,0.006756756756756757
qwen2.5:14b,32000,pos_07,0.75,retrieve_then_read,answer_f1_relaxed,0.0,0.925,0.9958333333333333,80,True,,1.0765765765765765,1.0
qwen2.5:14b,32000,pos_08,0.85,direct,answer_f1_relaxed,0.0,0.925,0.3983333333333333,80,True,,0.4306306306306306,0.4306306306306306
qwen2.5:14b,32000,pos_08,0.85,retrieve_then_read,answer_f1_relaxed,0.0,0.925,0.9375,80,True,,1.0135135135135134,1.0
qwen2.5:14b,32000,pos_09,0.95,direct,answer_f1_relaxed,0.0,0.9041666666666667,0.95,80,True,,1.0506912442396312,1.0
qwen2.5:14b,32000,pos_09,0.95,retrieve_then_read,answer_f1_relaxed,0.0,0.9041666666666667,0.925,80,True,,1.023041474654378,1.0
qwen2.5:14b,4000,pos_00,0.05,direct,answer_f1_relaxed,0.0,0.95,0.9395833333333333,80,True,,0.9890350877192983,0.9890350877192983
qwen2.5:14b,4000,pos_00,0.05,retrieve_then_read,answer_f1_relaxed,0.0,0.95,1.0,80,True,,1.0526315789473684,1.0
qwen2.5:14b,4000,pos_01,0.15,direct,answer_f1_relaxed,0.0,0.9291666666666667,0.96875,80,True,,1.0426008968609866,1.0
qwen2.5:14b,4000,pos_01,0.15,retrieve_then_read,answer_f1_relaxed,0.0,0.9291666666666667,0.9875,80,True,,1.062780269058296,1.0
qwen2.5:14b,4000,pos_02,0.25,direct,answer_f1_relaxed,0.0,0.9333333333333333,0.9875,80,True,,1.0580357142857144,1.0
qwen2.5:14b,4000,pos_02,0.25,retrieve_then_read,answer_f1_relaxed,0.0,0.9333333333333333,0.95,80,True,,1.0178571428571428,1.0
qwen2.5:14b,4000,pos_03,0.35,direct,answer_f1_relaxed,0.0,0.9041666666666667,0.9875,80,True,,1.0921658986175116,1.0
qwen2.5:14b,4000,pos_03,0.35,retrieve_then_read,answer_f1_relaxed,0.0,0.9041666666666667,0.9875,80,True,,1.0921658986175116,1.0
qwen2.5:14b,4000,pos_04,0.45,direct,answer_f1_relaxed,0.0,0.9291666666666667,0.975,80,True,,1.0493273542600896,1.0
qwen2.5:14b,4000,pos_04,0.45,retrieve_then_read,answer_f1_relaxed,0.0,0.9291666666666667,0.9875,80,True,,1.062780269058296,1.0
qwen2.5:14b,4000,pos_05,0.55,direct,answer_f1_relaxed,0.0,0.9208333333333333,0.96875,80,True,,1.0520361990950227,1.0
qwen2.5:14b,4000,pos_05,0.55,retrieve_then_read,answer_f1_relaxed,0.0,0.9208333333333333,0.975,80,True,,1.0588235294117647,1.0
qwen2.5:14b,4000,pos_06,0.65,direct,answer_f1_relaxed,0.0,0.9166666666666666,0.9458333333333333,80,True,,1.0318181818181817,1.0
qwen2.5:14b,4000,pos_06,0.65,retrieve_then_read,answer_f1_relaxed,0.0,0.9166666666666666,0.975,80,True,,1.0636363636363637,1.0
qwen2.5:14b,4000,pos_07,0.75,direct,answer_f1_relaxed,0.0,0.9458333333333333,0.94375,80,True,,0.9977973568281938,0.9977973568281938
qwen2.5:14b,4000,pos_07,0.75,retrieve_then_read,answer_f1_relaxed,0.0,0.9458333333333333,0.9708333333333333,80,True,,1.026431718061674,1.0
qwen2.5:14b,4000,pos_08,0.85,direct,answer_f1_relaxed,0.0,0.9166666666666666,0.96875,80,True,,1.0568181818181819,1.0
qwen2.5:14b,4000,pos_08,0.85,retrieve_then_read,answer_f1_relaxed,0.0,0.9166666666666666,0.975,80,True,,1.0636363636363637,1.0
qwen2.5:14b,4000,pos_09,0.95,direct,answer_f1_relaxed,0.0,0.9166666666666666,0.9479166666666666,80,True,,1.0340909090909092,1.0
qwen2.5:14b,4000,pos_09,0.95,retrieve_then_read,answer_f1_relaxed,0.0,0.9166666666666666,0.9958333333333333,80,True,,1.0863636363636364,1.0
qwen2.5:14b,8000,pos_00,0.05,direct,answer_f1_relaxed,0.0,0.9166666666666666,0.09999999999999999,80,True,,0.10909090909090909,0.10909090909090909
qwen2.5:14b,8000,pos_00,0.05,retrieve_then_read,answer_f1_relaxed,0.0,0.9166666666666666,0.95,80,True,,1.0363636363636364,1.0
qwen2.5:14b,8000,pos_01,0.15,direct,answer_f1_relaxed,0.0,0.9083333333333333,0.09166666666666666,80,True,,0.10091743119266054,0.10091743119266054
qwen2.5:14b,8000,pos_01,0.15,retrieve_then_read,answer_f1_relaxed,0.0,0.9083333333333333,1.0,80,True,,1.1009174311926606,1.0
qwen2.5:14b,8000,pos_02,0.25,direct,answer_f1_relaxed,0.0,0.9416666666666667,0.40625,80,True,,0.4314159292035398,0.4314159292035398
qwen2.5:14b,8000,pos_02,0.25,retrieve_then_read,answer_f1_relaxed,0.0,0.9416666666666667,0.95,80,True,,1.008849557522124,1.0
qwen2.5:14b,8000,pos_03,0.35,direct,answer_f1_relaxed,0.0,0.925,0.41875,80,True,,0.4527027027027027,0.4527027027027027
qwen2.5:14b,8000,pos_03,0.35,retrieve_then_read,answer_f1_relaxed,0.0,0.925,0.96875,80,True,,1.0472972972972971,1.0
qwen2.5:14b,8000,pos_04,0.45,direct,answer_f1_relaxed,0.0,0.9375,0.43333333333333335,80,True,,0.46222222222222226,0.46222222222222226
qwen2.5:14b,8000,pos_04,0.45,retrieve_then_read,answer_f1_relaxed,0.0,0.9375,0.95,80,True,,1.0133333333333332,1.0
qwen2.5:14b,8000,pos_05,0.55,direct,answer_f1_relaxed,0.0,0.9375,0.4038690476190476,80,True,,0.4307936507936508,0.4307936507936508
qwen2.5:14b,8000,pos_05,0.55,retrieve_then_read,answer_f1_relaxed,0.0,0.9375,0.95,80,True,,1.0133333333333332,1.0
qwen2.5:14b,8000,pos_06,0.65,direct,answer_f1_relaxed,0.0,0.925,0.9583333333333334,80,True,,1.0360360360360361,1.0
qwen2.5:14b,8000,pos_06,0.65,retrieve_then_read,answer_f1_relaxed,0.0,0.925,0.925,80,True,,1.0,1.0
qwen2.5:14b,8000,pos_07,0.75,direct,answer_f1_relaxed,0.0,0.9083333333333333,0.9625,80,True,,1.0596330275229358,1.0
qwen2.5:14b,8000,pos_07,0.75,retrieve_then_read,answer_f1_relaxed,0.0,0.9083333333333333,0.9375,80,True,,1.0321100917431192,1.0
qwen2.5:14b,8000,pos_08,0.85,direct,answer_f1_relaxed,0.0,0.925,0.98125,80,True,,1.0608108108108107,1.0
qwen2.5:14b,8000,pos_08,0.85,retrieve_then_read,answer_f1_relaxed,0.0,0.925,1.0,80,True,,1.081081081081081,1.0
qwen2.5:14b,8000,pos_09,0.95,direct,answer_f1_relaxed,0.0,0.9041666666666667,0.975,80,True,,1.0783410138248848,1.0
qwen2.5:14b,8000,pos_09,0.95,retrieve_then_read,answer_f1_relaxed,0.0,0.9041666666666667,0.9875,80,True,,1.0921658986175116,1.0
qwen3:14b,16000,pos_00,0.05,direct,answer_f1_relaxed,0.0,1.0,0.0,80,True,,0.0,0.0
qwen3:14b,16000,pos_00,0.05,retrieve_then_read,answer_f1_relaxed,0.0,1.0,1.0,80,True,,1.0,1.0
qwen3:14b,16000,pos_01,0.15,direct,answer_f1_relaxed,0.0,1.0,0.0,80,True,,0.0,0.0
qwen3:14b,16000,pos_01,0.15,retrieve_then_read,answer_f1_relaxed,0.0,1.0,1.0,80,True,,1.0,1.0
qwen3:14b,16000,pos_02,0.25,direct,answer_f1_relaxed,0.0,0.9875,0.0,80,True,,0.0,0.0
qwen3:14b,16000,pos_02,0.25,retrieve_then_read,answer_f1_relaxed,0.0,0.9875,0.9875,80,True,,1.0,1.0
qwen3:14b,16000,pos_03,0.35,direct,answer_f1_relaxed,0.0,1.0,0.0,80,True,,0.0,0.0
qwen3:14b,16000,pos_03,0.35,retrieve_then_read,answer_f1_relaxed,0.0,1.0,1.0,80,True,,1.0,1.0
qwen3:14b,16000,pos_04,0.45,direct,answer_f1_relaxed,0.0,1.0,0.0,80,True,,0.0,0.0
qwen3:14b,16000,pos_04,0.45,retrieve_then_read,answer_f1_relaxed,0.0,1.0,1.0,80,True,,1.0,1.0
qwen3:14b,16000,pos_05,0.55,direct,answer_f1_relaxed,0.0,0.9958333333333333,0.0,80,True,,0.0,0.0
qwen3:14b,16000,pos_05,0.55,retrieve_then_read,answer_f1_relaxed,0.0,0.9958333333333333,1.0,80,True,,1.00418410041841,1.0
qwen3:14b,16000,pos_06,0.65,direct,answer_f1_relaxed,0.0,0.9875,0.5,80,True,,0.5063291139240506,0.5063291139240506
qwen3:14b,16000,pos_06,0.65,retrieve_then_read,answer_f1_relaxed,0.0,0.9875,1.0,80,True,,1.0126582278481011,1.0
qwen3:14b,16000,pos_07,0.75,direct,answer_f1_relaxed,0.0,0.9958333333333333,0.5125,80,True,,0.5146443514644351,0.5146443514644351
qwen3:14b,16000,pos_07,0.75,retrieve_then_read,answer_f1_relaxed,0.0,0.9958333333333333,1.0,80,True,,1.00418410041841,1.0
qwen3:14b,16000,pos_08,0.85,direct,answer_f1_relaxed,0.0,0.9875,1.0,80,True,,1.0126582278481011,1.0
qwen3:14b,16000,pos_08,0.85,retrieve_then_read,answer_f1_relaxed,0.0,0.9875,0.9958333333333333,80,True,,1.0084388185654007,1.0
qwen3:14b,16000,pos_09,0.95,direct,answer_f1_relaxed,0.0,0.9958333333333333,0.975,80,True,,0.9790794979079498,0.9790794979079498
qwen3:14b,16000,pos_09,0.95,retrieve_then_read,answer_f1_relaxed,0.0,0.9958333333333333,1.0,80,True,,1.00418410041841,1.0
qwen3:14b,32000,pos_00,0.05,direct,answer_f1_relaxed,0.0,0.9958333333333333,0.0,80,True,,0.0,0.0
qwen3:14b,32000,pos_00,0.05,retrieve_then_read,answer_f1_relaxed,0.0,0.9958333333333333,1.0,80,True,,1.00418410041841,1.0
qwen3:14b,32000,pos_01,0.15,direct,answer_f1_relaxed,0.0,0.9958333333333333,0.0,80,True,,0.0,0.0
qwen3:14b,32000,pos_01,0.15,retrieve_then_read,answer_f1_relaxed,0.0,0.9958333333333333,1.0,80,True,,1.00418410041841,1.0
qwen3:14b,32000,pos_02,0.25,direct,answer_f1_relaxed,0.0,0.9958333333333333,0.0,80,True,,0.0,0.0
qwen3:14b,32000,pos_02,0.25,retrieve_then_read,answer_f1_relaxed,0.0,0.9958333333333333,1.0,80,True,,1.00418410041841,1.0
qwen3:14b,32000,pos_03,0.35,direct,answer_f1_relaxed,0.0,1.0,0.0,80,True,,0.0,0.0
qwen3:14b,32000,pos_03,0.35,retrieve_then_read,answer_f1_relaxed,0.0,1.0,1.0,80,True,,1.0,1.0
qwen3:14b,32000,pos_04,0.45,direct,answer_f1_relaxed,0.0,1.0,0.0,80,True,,0.0,0.0
qwen3:14b,32000,pos_04,0.45,retrieve_then_read,answer_f1_relaxed,0.0,1.0,1.0,80,True,,1.0,1.0
qwen3:14b,32000,pos_05,0.55,direct,answer_f1_relaxed,0.0,0.9875,0.0,80,True,,0.0,0.0
qwen3:14b,32000,pos_05,0.55,retrieve_then_read,answer_f1_relaxed,0.0,0.9875,0.9875,80,True,,1.0,1.0
qwen3:14b,32000,pos_06,0.65,direct,answer_f1_relaxed,0.0,0.9875,0.0,80,True,,0.0,0.0
qwen3:14b,32000,pos_06,0.65,retrieve_then_read,answer_f1_relaxed,0.0,0.9875,0.9875,80,True,,1.0,1.0
qwen3:14b,32000,pos_07,0.75,direct,answer_f1_relaxed,0.0,0.9791666666666666,0.0,80,True,,0.0,0.0
qwen3:14b,32000,pos_07,0.75,retrieve_then_read,answer_f1_relaxed,0.0,0.9791666666666666,1.0,80,True,,1.021276595744681,1.0
qwen3:14b,32000,pos_08,0.85,direct,answer_f1_relaxed,0.0,0.9916666666666667,0.5,80,True,,0.5042016806722689,0.5042016806722689
qwen3:14b,32000,pos_08,0.85,retrieve_then_read,answer_f1_relaxed,0.0,0.9916666666666667,1.0,80,True,,1.0084033613445378,1.0
qwen3:14b,32000,pos_09,0.95,direct,answer_f1_relaxed,0.0,0.9875,0.9875,80,True,,1.0,1.0
qwen3:14b,32000,pos_09,0.95,retrieve_then_read,answer_f1_relaxed,0.0,0.9875,1.0,80,True,,1.0126582278481011,1.0
qwen3:14b,4000,pos_00,0.05,direct,answer_f1_relaxed,0.0625,1.0,0.96875,80,True,,0.9666666666666667,0.9666666666666667
qwen3:14b,4000,pos_00,0.05,retrieve_then_read,answer_f1_relaxed,0.0625,1.0,1.0,80,True,,1.0,1.0
qwen3:14b,4000,pos_01,0.15,direct,answer_f1_relaxed,0.0,1.0,0.9875,80,True,,0.9875,0.9875
qwen3:14b,4000,pos_01,0.15,retrieve_then_read,answer_f1_relaxed,0.0,1.0,1.0,80,True,,1.0,1.0
qwen3:14b,4000,pos_02,0.25,direct,answer_f1_relaxed,0.0,1.0,0.99375,80,True,,0.99375,0.99375
qwen3:14b,4000,pos_02,0.25,retrieve_then_read,answer_f1_relaxed,0.0,1.0,1.0,80,True,,1.0,1.0
qwen3:14b,4000,pos_03,0.35,direct,answer_f1_relaxed,0.0,0.9875,0.98125,80,True,,0.9936708860759492,0.9936708860759492
qwen3:14b,4000,pos_03,0.35,retrieve_then_read,answer_f1_relaxed,0.0,0.9875,0.975,80,True,,0.9873417721518987,0.9873417721518987
qwen3:14b,4000,pos_04,0.45,direct,answer_f1_relaxed,0.00625,1.0,0.96875,80,True,,0.9685534591194969,0.9685534591194969
qwen3:14b,4000,pos_04,0.45,retrieve_then_read,answer_f1_relaxed,0.00625,1.0,1.0,80,True,,1.0,1.0
qwen3:14b,4000,pos_05,0.55,direct,answer_f1_relaxed,0.0,0.9875,0.98125,80,True,,0.9936708860759492,0.9936708860759492
qwen3:14b,4000,pos_05,0.55,retrieve_then_read,answer_f1_relaxed,0.0,0.9875,1.0,80,True,,1.0126582278481011,1.0
qwen3:14b,4000,pos_06,0.65,direct,answer_f1_relaxed,0.0,1.0,0.99375,80,True,,0.99375,0.99375
qwen3:14b,4000,pos_06,0.65,retrieve_then_read,answer_f1_relaxed,0.0,1.0,1.0,80,True,,1.0,1.0
qwen3:14b,4000,pos_07,0.75,direct,answer_f1_relaxed,0.0,0.9875,0.94375,80,True,,0.9556962025316456,0.9556962025316456
qwen3:14b,4000,pos_07,0.75,retrieve_then_read,answer_f1_relaxed,0.0,0.9875,0.9875,80,True,,1.0,1.0
qwen3:14b,4000,pos_08,0.85,direct,answer_f1_relaxed,0.0,1.0,0.94375,80,True,,0.94375,0.94375
qwen3:14b,4000,pos_08,0.85,retrieve_then_read,answer_f1_relaxed,0.0,1.0,1.0,80,True,,1.0,1.0
qwen3:14b,4000,pos_09,0.95,direct,answer_f1_relaxed,0.0,1.0,1.0,80,True,,1.0,1.0
qwen3:14b,4000,pos_09,0.95,retrieve_then_read,answer_f1_relaxed,0.0,1.0,1.0,80,True,,1.0,1.0
qwen3:14b,8000,pos_00,0.05,direct,answer_f1_relaxed,0.0,0.9875,0.13333333333333333,80,True,,0.1350210970464135,0.1350210970464135
qwen3:14b,8000,pos_00,0.05,retrieve_then_read,answer_f1_relaxed,0.0,0.9875,1.0,80,True,,1.0126582278481011,1.0
qwen3:14b,8000,pos_01,0.15,direct,answer_f1_relaxed,0.0,1.0,0.13125,80,True,,0.13125,0.13125
qwen3:14b,8000,pos_01,0.15,retrieve_then_read,answer_f1_relaxed,0.0,1.0,1.0,80,True,,1.0,1.0
qwen3:14b,8000,pos_02,0.25,direct,answer_f1_relaxed,0.0,0.9958333333333333,0.46875,80,True,,0.4707112970711297,0.4707112970711297
qwen3:14b,8000,pos_02,0.25,retrieve_then_read,answer_f1_relaxed,0.0,0.9958333333333333,1.0,80,True,,1.00418410041841,1.0
qwen3:14b,8000,pos_03,0.35,direct,answer_f1_relaxed,0.0,1.0,0.50625,80,True,,0.50625,0.50625
qwen3:14b,8000,pos_03,0.35,retrieve_then_read,answer_f1_relaxed,0.0,1.0,0.9875,80,True,,0.9875,0.9875
qwen3:14b,8000,pos_04,0.45,direct,answer_f1_relaxed,0.0,1.0,0.475,80,True,,0.475,0.475
qwen3:14b,8000,pos_04,0.45,retrieve_then_read,answer_f1_relaxed,0.0,1.0,1.0,80,True,,1.0,1.0
qwen3:14b,8000,pos_05,0.55,direct,answer_f1_relaxed,0.0,0.9916666666666667,0.4708333333333333,80,True,,0.47478991596638653,0.47478991596638653
qwen3:14b,8000,pos_05,0.55,retrieve_then_read,answer_f1_relaxed,0.0,0.9916666666666667,1.0,80,True,,1.0084033613445378,1.0
qwen3:14b,8000,pos_06,0.65,direct,answer_f1_relaxed,0.0,0.9958333333333333,0.98125,80,True,,0.9853556485355648,0.9853556485355648
qwen3:14b,8000,pos_06,0.65,retrieve_then_read,answer_f1_relaxed,0.0,0.9958333333333333,1.0,80,True,,1.00418410041841,1.0
qwen3:14b,8000,pos_07,0.75,direct,answer_f1_relaxed,0.0,0.9875,1.0,80,True,,1.0126582278481011,1.0
qwen3:14b,8000,pos_07,0.75,retrieve_then_read,answer_f1_relaxed,0.0,0.9875,0.9875,80,True,,1.0,1.0
qwen3:14b,8000,pos_08,0.85,direct,answer_f1_relaxed,0.0,1.0,1.0,80,True,,1.0,1.0
qwen3:14b,8000,pos_08,0.85,retrieve_then_read,answer_f1_relaxed,0.0,1.0,1.0,80,True,,1.0,1.0
qwen3:14b,8000,pos_09,0.95,direct,answer_f1_relaxed,0.0,0.9875,1.0,80,True,,1.0126582278481011,1.0
qwen3:14b,8000,pos_09,0.95,retrieve_then_read,answer_f1_relaxed,0.0,0.9875,0.9875,80,True,,1.0,1.0
